N,seconds,N,seconds,N,seconds,tipo
2000,0.030735940,100000,0.140750490,198000,0.234407630,2