N,seconds,N,seconds,N,seconds
1000,0.043291900,50000,0.196560860,99000,0.373774340