N,seconds,N,seconds,N,seconds,tipo
1000,0.051109470,50000,0.089813910,99000,0.154060380,2